"period","cell_id","record_count","richness"
"1890-1900",3662,1,1
"1890-1900",4049,1,1
"1890-1900",4051,1,1
"1890-1900",4161,5,3
"1890-1900",4163,1,1
"1890-1910",3662,1,1
"1890-1910",3996,1,1
"1890-1910",4049,1,1
"1890-1910",4051,1,1
"1890-1910",4161,5,3
"1890-1910",4163,1,1
"1890-1920",480,42,31
"1890-1920",482,1,1
"1890-1920",488,1,1
"1890-1920",489,15,12
"1890-1920",542,12,11
"1890-1920",545,2,2
"1890-1920",546,88,46
"1890-1920",547,1,1
"1890-1920",654,2,2
"1890-1920",657,44,29
"1890-1920",661,10,10
"1890-1920",774,6,6
"1890-1920",871,1,1
"1890-1920",941,1,1
"1890-1920",1219,1,1
"1890-1920",1264,3,3
"1890-1920",1599,2,2
"1890-1920",1602,1,1
"1890-1920",1712,4,3
"1890-1920",1768,1,1
"1890-1920",1826,2,2
"1890-1920",1880,1,1
"1890-1920",2215,4,2
"1890-1920",2216,1,1
"1890-1920",3158,5,3
"1890-1920",3270,2,1
"1890-1920",3273,1,1
"1890-1920",3324,1,1
"1890-1920",3432,4,4
"1890-1920",3440,1,1
"1890-1920",3445,7,6
"1890-1920",3553,1,1
"1890-1920",3662,1,1
"1890-1920",3765,1,1
"1890-1920",3882,1,1
"1890-1920",3983,3,3
"1890-1920",3996,1,1
"1890-1920",4049,1,1
"1890-1920",4051,1,1
"1890-1920",4060,5,5
"1890-1920",4161,5,3
"1890-1920",4163,1,1
"1890-1920",4280,1,1
"1890-1920",4281,16,11
"1890-1930",480,46,35
"1890-1930",482,1,1
"1890-1930",488,10,7
"1890-1930",489,15,12
"1890-1930",542,13,12
"1890-1930",545,2,2
"1890-1930",546,94,49
"1890-1930",547,1,1
"1890-1930",654,2,2
"1890-1930",657,48,33
"1890-1930",661,10,10
"1890-1930",774,6,6
"1890-1930",871,1,1
"1890-1930",882,1,1
"1890-1930",941,1,1
"1890-1930",1219,3,3
"1890-1930",1264,3,3
"1890-1930",1376,1,1
"1890-1930",1599,2,2
"1890-1930",1602,1,1
"1890-1930",1712,4,3
"1890-1930",1768,1,1
"1890-1930",1826,2,2
"1890-1930",1880,1,1
"1890-1930",2215,4,2
"1890-1930",2216,1,1
"1890-1930",3158,5,3
"1890-1930",3270,2,1
"1890-1930",3273,1,1
"1890-1930",3310,1,1
"1890-1930",3324,1,1
"1890-1930",3432,4,4
"1890-1930",3440,1,1
"1890-1930",3445,7,6
"1890-1930",3553,1,1
"1890-1930",3662,1,1
"1890-1930",3765,1,1
"1890-1930",3882,1,1
"1890-1930",3983,3,3
"1890-1930",3996,1,1
"1890-1930",4049,1,1
"1890-1930",4051,1,1
"1890-1930",4060,5,5
"1890-1930",4161,5,3
"1890-1930",4163,1,1
"1890-1930",4280,1,1
"1890-1930",4281,23,14
"1890-1940",369,1,1
"1890-1940",480,48,36
"1890-1940",482,1,1
"1890-1940",488,17,11
"1890-1940",489,17,14
"1890-1940",542,17,16
"1890-1940",545,2,2
"1890-1940",546,96,49
"1890-1940",547,1,1
"1890-1940",654,2,2
"1890-1940",657,52,36
"1890-1940",661,11,10
"1890-1940",774,6,6
"1890-1940",871,1,1
"1890-1940",882,1,1
"1890-1940",941,1,1
"1890-1940",1219,11,9
"1890-1940",1264,3,3
"1890-1940",1376,1,1
"1890-1940",1599,2,2
"1890-1940",1602,1,1
"1890-1940",1712,4,3
"1890-1940",1768,1,1
"1890-1940",1826,2,2
"1890-1940",1880,1,1
"1890-1940",2215,4,2
"1890-1940",2216,1,1
"1890-1940",3158,5,3
"1890-1940",3270,2,1
"1890-1940",3273,1,1
"1890-1940",3310,1,1
"1890-1940",3324,1,1
"1890-1940",3432,4,4
"1890-1940",3440,1,1
"1890-1940",3445,7,6
"1890-1940",3553,1,1
"1890-1940",3662,1,1
"1890-1940",3765,1,1
"1890-1940",3880,1,1
"1890-1940",3882,1,1
"1890-1940",3983,3,3
"1890-1940",3990,1,1
"1890-1940",3996,1,1
"1890-1940",4049,1,1
"1890-1940",4051,1,1
"1890-1940",4060,5,5
"1890-1940",4161,6,4
"1890-1940",4163,1,1
"1890-1940",4168,2,2
"1890-1940",4279,1,1
"1890-1940",4280,1,1
"1890-1940",4281,26,14
"1890-1940",4387,1,1
"1890-1940",4392,1,1
"1890-1950",368,1,1
"1890-1950",369,1,1
"1890-1950",479,1,1
"1890-1950",480,52,39
"1890-1950",482,1,1
"1890-1950",488,17,11
"1890-1950",489,17,14
"1890-1950",542,26,23
"1890-1950",545,2,2
"1890-1950",546,101,50
"1890-1950",547,1,1
"1890-1950",654,2,2
"1890-1950",657,55,37
"1890-1950",658,1,1
"1890-1950",661,11,10
"1890-1950",774,7,7
"1890-1950",871,1,1
"1890-1950",882,1,1
"1890-1950",941,1,1
"1890-1950",1214,1,1
"1890-1950",1219,11,9
"1890-1950",1264,3,3
"1890-1950",1366,1,1
"1890-1950",1376,2,2
"1890-1950",1599,2,2
"1890-1950",1602,1,1
"1890-1950",1712,4,3
"1890-1950",1768,1,1
"1890-1950",1826,3,3
"1890-1950",1880,1,1
"1890-1950",1998,1,1
"1890-1950",2215,4,2
"1890-1950",2216,1,1
"1890-1950",2549,1,1
"1890-1950",2605,1,1
"1890-1950",3158,5,3
"1890-1950",3270,2,1
"1890-1950",3273,1,1
"1890-1950",3310,1,1
"1890-1950",3311,1,1
"1890-1950",3324,1,1
"1890-1950",3432,4,4
"1890-1950",3440,1,1
"1890-1950",3445,7,6
"1890-1950",3553,1,1
"1890-1950",3662,1,1
"1890-1950",3765,1,1
"1890-1950",3880,1,1
"1890-1950",3882,1,1
"1890-1950",3889,1,1
"1890-1950",3983,3,3
"1890-1950",3990,1,1
"1890-1950",3992,1,1
"1890-1950",3996,1,1
"1890-1950",4049,1,1
"1890-1950",4051,1,1
"1890-1950",4055,1,1
"1890-1950",4056,3,2
"1890-1950",4060,6,6
"1890-1950",4111,1,1
"1890-1950",4161,6,4
"1890-1950",4163,1,1
"1890-1950",4168,17,11
"1890-1950",4279,1,1
"1890-1950",4280,1,1
"1890-1950",4281,28,15
"1890-1950",4387,3,1
"1890-1950",4392,3,2
"1890-1960",368,1,1
"1890-1960",369,1,1
"1890-1960",479,1,1
"1890-1960",480,52,39
"1890-1960",482,1,1
"1890-1960",488,21,13
"1890-1960",489,24,20
"1890-1960",542,106,63
"1890-1960",545,3,3
"1890-1960",546,105,51
"1890-1960",547,1,1
"1890-1960",654,2,2
"1890-1960",657,72,49
"1890-1960",658,1,1
"1890-1960",661,16,15
"1890-1960",774,21,18
"1890-1960",871,1,1
"1890-1960",882,1,1
"1890-1960",883,1,1
"1890-1960",941,10,9
"1890-1960",1107,2,2
"1890-1960",1214,1,1
"1890-1960",1219,11,9
"1890-1960",1264,3,3
"1890-1960",1278,1,1
"1890-1960",1331,3,3
"1890-1960",1366,1,1
"1890-1960",1376,2,2
"1890-1960",1488,1,1
"1890-1960",1499,1,1
"1890-1960",1501,2,2
"1890-1960",1502,1,1
"1890-1960",1599,3,3
"1890-1960",1602,1,1
"1890-1960",1613,1,1
"1890-1960",1712,4,3
"1890-1960",1720,6,6
"1890-1960",1721,13,9
"1890-1960",1768,1,1
"1890-1960",1826,3,3
"1890-1960",1880,1,1
"1890-1960",1998,1,1
"1890-1960",2104,2,2
"1890-1960",2215,12,9
"1890-1960",2216,1,1
"1890-1960",2549,1,1
"1890-1960",2587,1,1
"1890-1960",2605,1,1
"1890-1960",3158,5,3
"1890-1960",3270,2,1
"1890-1960",3273,1,1
"1890-1960",3310,1,1
"1890-1960",3311,1,1
"1890-1960",3324,1,1
"1890-1960",3326,4,3
"1890-1960",3382,1,1
"1890-1960",3432,4,4
"1890-1960",3440,1,1
"1890-1960",3445,7,6
"1890-1960",3541,1,1
"1890-1960",3553,1,1
"1890-1960",3662,1,1
"1890-1960",3765,1,1
"1890-1960",3824,3,2
"1890-1960",3880,1,1
"1890-1960",3882,1,1
"1890-1960",3889,1,1
"1890-1960",3983,3,3
"1890-1960",3990,1,1
"1890-1960",3992,1,1
"1890-1960",3996,1,1
"1890-1960",4049,2,2
"1890-1960",4051,1,1
"1890-1960",4055,1,1
"1890-1960",4056,4,3
"1890-1960",4060,6,6
"1890-1960",4111,2,1
"1890-1960",4112,1,1
"1890-1960",4161,6,4
"1890-1960",4163,1,1
"1890-1960",4167,1,1
"1890-1960",4168,22,16
"1890-1960",4274,1,1
"1890-1960",4279,1,1
"1890-1960",4280,2,2
"1890-1960",4281,32,15
"1890-1960",4387,3,1
"1890-1960",4390,1,1
"1890-1960",4392,4,3
"1890-1970",368,1,1
"1890-1970",369,1,1
"1890-1970",479,1,1
"1890-1970",480,53,40
"1890-1970",482,1,1
"1890-1970",488,21,13
"1890-1970",489,29,23
"1890-1970",541,8,8
"1890-1970",542,109,64
"1890-1970",544,4,4
"1890-1970",545,3,3
"1890-1970",546,107,53
"1890-1970",547,1,1
"1890-1970",549,1,1
"1890-1970",590,2,2
"1890-1970",597,1,1
"1890-1970",653,1,1
"1890-1970",654,3,3
"1890-1970",656,6,5
"1890-1970",657,78,52
"1890-1970",658,1,1
"1890-1970",661,16,15
"1890-1970",774,77,59
"1890-1970",775,1,1
"1890-1970",871,1,1
"1890-1970",882,1,1
"1890-1970",883,1,1
"1890-1970",941,90,71
"1890-1970",995,1,1
"1890-1970",1107,43,36
"1890-1970",1214,1,1
"1890-1970",1219,11,9
"1890-1970",1259,6,6
"1890-1970",1261,1,1
"1890-1970",1263,19,7
"1890-1970",1264,4,4
"1890-1970",1278,1,1
"1890-1970",1331,21,17
"1890-1970",1366,1,1
"1890-1970",1376,3,3
"1890-1970",1386,14,11
"1890-1970",1389,1,1
"1890-1970",1392,1,1
"1890-1970",1395,2,2
"1890-1970",1488,31,19
"1890-1970",1496,1,1
"1890-1970",1499,1,1
"1890-1970",1501,5,4
"1890-1970",1502,1,1
"1890-1970",1599,14,10
"1890-1970",1602,1,1
"1890-1970",1613,6,3
"1890-1970",1712,4,3
"1890-1970",1714,1,1
"1890-1970",1720,6,6
"1890-1970",1721,13,9
"1890-1970",1768,1,1
"1890-1970",1826,13,11
"1890-1970",1831,1,1
"1890-1970",1880,1,1
"1890-1970",1883,1,1
"1890-1970",1992,3,1
"1890-1970",1998,1,1
"1890-1970",2103,1,1
"1890-1970",2104,2,2
"1890-1970",2214,1,1
"1890-1970",2215,22,11
"1890-1970",2216,1,1
"1890-1970",2217,2,2
"1890-1970",2328,4,3
"1890-1970",2437,1,1
"1890-1970",2549,1,1
"1890-1970",2550,4,1
"1890-1970",2587,3,3
"1890-1970",2605,1,1
"1890-1970",2828,1,1
"1890-1970",3140,1,1
"1890-1970",3158,5,3
"1890-1970",3161,6,6
"1890-1970",3270,2,1
"1890-1970",3273,1,1
"1890-1970",3310,1,1
"1890-1970",3311,3,2
"1890-1970",3324,1,1
"1890-1970",3326,4,3
"1890-1970",3382,1,1
"1890-1970",3427,1,1
"1890-1970",3432,4,4
"1890-1970",3438,1,1
"1890-1970",3440,1,1
"1890-1970",3445,7,6
"1890-1970",3541,1,1
"1890-1970",3553,1,1
"1890-1970",3607,2,1
"1890-1970",3662,1,1
"1890-1970",3666,1,1
"1890-1970",3669,6,5
"1890-1970",3765,1,1
"1890-1970",3769,1,1
"1890-1970",3824,3,2
"1890-1970",3880,1,1
"1890-1970",3882,1,1
"1890-1970",3889,1,1
"1890-1970",3941,1,1
"1890-1970",3983,4,4
"1890-1970",3990,1,1
"1890-1970",3992,1,1
"1890-1970",3996,1,1
"1890-1970",4005,1,1
"1890-1970",4049,2,2
"1890-1970",4051,2,2
"1890-1970",4055,1,1
"1890-1970",4056,5,3
"1890-1970",4060,6,6
"1890-1970",4111,3,2
"1890-1970",4112,1,1
"1890-1970",4161,6,4
"1890-1970",4163,1,1
"1890-1970",4167,1,1
"1890-1970",4168,24,18
"1890-1970",4274,1,1
"1890-1970",4279,1,1
"1890-1970",4280,2,2
"1890-1970",4281,32,15
"1890-1970",4336,1,1
"1890-1970",4387,3,1
"1890-1970",4390,1,1
"1890-1970",4392,5,4
"1890-1980",368,3,2
"1890-1980",369,1,1
"1890-1980",479,1,1
"1890-1980",480,53,40
"1890-1980",482,1,1
"1890-1980",488,21,13
"1890-1980",489,29,23
"1890-1980",536,1,1
"1890-1980",541,8,8
"1890-1980",542,117,69
"1890-1980",544,4,4
"1890-1980",545,4,4
"1890-1980",546,109,55
"1890-1980",547,1,1
"1890-1980",549,1,1
"1890-1980",590,2,2
"1890-1980",597,1,1
"1890-1980",653,1,1
"1890-1980",654,3,3
"1890-1980",656,6,5
"1890-1980",657,86,56
"1890-1980",658,1,1
"1890-1980",661,16,15
"1890-1980",756,1,1
"1890-1980",774,77,59
"1890-1980",775,1,1
"1890-1980",871,1,1
"1890-1980",882,1,1
"1890-1980",883,1,1
"1890-1980",941,90,71
"1890-1980",985,4,3
"1890-1980",995,1,1
"1890-1980",1041,1,1
"1890-1980",1107,43,36
"1890-1980",1146,1,1
"1890-1980",1159,1,1
"1890-1980",1213,1,1
"1890-1980",1214,2,2
"1890-1980",1219,14,12
"1890-1980",1259,6,6
"1890-1980",1261,1,1
"1890-1980",1262,1,1
"1890-1980",1263,19,7
"1890-1980",1264,4,4
"1890-1980",1275,2,2
"1890-1980",1278,1,1
"1890-1980",1331,33,21
"1890-1980",1366,1,1
"1890-1980",1375,1,1
"1890-1980",1376,4,4
"1890-1980",1378,1,1
"1890-1980",1386,14,11
"1890-1980",1387,2,2
"1890-1980",1389,1,1
"1890-1980",1392,1,1
"1890-1980",1395,2,2
"1890-1980",1488,32,20
"1890-1980",1492,1,1
"1890-1980",1496,2,2
"1890-1980",1499,1,1
"1890-1980",1501,5,4
"1890-1980",1502,1,1
"1890-1980",1599,21,14
"1890-1980",1602,1,1
"1890-1980",1603,1,1
"1890-1980",1613,6,3
"1890-1980",1658,1,1
"1890-1980",1664,2,1
"1890-1980",1711,1,1
"1890-1980",1712,4,3
"1890-1980",1714,1,1
"1890-1980",1720,6,6
"1890-1980",1721,13,9
"1890-1980",1768,1,1
"1890-1980",1826,14,12
"1890-1980",1831,1,1
"1890-1980",1880,1,1
"1890-1980",1883,1,1
"1890-1980",1991,4,4
"1890-1980",1992,3,1
"1890-1980",1993,1,1
"1890-1980",1996,2,2
"1890-1980",1998,1,1
"1890-1980",2103,1,1
"1890-1980",2104,2,2
"1890-1980",2214,1,1
"1890-1980",2215,27,16
"1890-1980",2216,1,1
"1890-1980",2217,2,2
"1890-1980",2328,4,3
"1890-1980",2436,1,1
"1890-1980",2437,1,1
"1890-1980",2549,1,1
"1890-1980",2550,4,1
"1890-1980",2555,1,1
"1890-1980",2560,1,1
"1890-1980",2587,4,4
"1890-1980",2605,1,1
"1890-1980",2827,2,2
"1890-1980",2828,1,1
"1890-1980",3026,1,1
"1890-1980",3140,1,1
"1890-1980",3158,5,3
"1890-1980",3161,6,6
"1890-1980",3270,2,1
"1890-1980",3273,1,1
"1890-1980",3310,1,1
"1890-1980",3311,3,2
"1890-1980",3322,1,1
"1890-1980",3324,1,1
"1890-1980",3326,4,3
"1890-1980",3329,4,4
"1890-1980",3330,3,3
"1890-1980",3382,1,1
"1890-1980",3421,3,2
"1890-1980",3427,1,1
"1890-1980",3432,4,4
"1890-1980",3438,1,1
"1890-1980",3440,1,1
"1890-1980",3445,7,6
"1890-1980",3498,19,10
"1890-1980",3541,1,1
"1890-1980",3553,1,1
"1890-1980",3607,2,1
"1890-1980",3662,1,1
"1890-1980",3666,3,3
"1890-1980",3669,7,6
"1890-1980",3765,1,1
"1890-1980",3769,1,1
"1890-1980",3824,3,2
"1890-1980",3880,1,1
"1890-1980",3882,1,1
"1890-1980",3889,1,1
"1890-1980",3941,1,1
"1890-1980",3983,5,5
"1890-1980",3990,1,1
"1890-1980",3992,1,1
"1890-1980",3996,1,1
"1890-1980",3998,2,1
"1890-1980",4004,6,5
"1890-1980",4005,3,2
"1890-1980",4049,4,3
"1890-1980",4051,3,3
"1890-1980",4055,2,2
"1890-1980",4056,5,3
"1890-1980",4060,6,6
"1890-1980",4111,3,2
"1890-1980",4112,1,1
"1890-1980",4160,1,1
"1890-1980",4161,8,6
"1890-1980",4163,1,1
"1890-1980",4167,2,2
"1890-1980",4168,27,21
"1890-1980",4172,1,1
"1890-1980",4269,2,2
"1890-1980",4274,2,2
"1890-1980",4279,1,1
"1890-1980",4280,2,2
"1890-1980",4281,33,16
"1890-1980",4336,1,1
"1890-1980",4387,3,1
"1890-1980",4390,1,1
"1890-1980",4392,5,4
"1890-1990",368,3,2
"1890-1990",369,1,1
"1890-1990",479,1,1
"1890-1990",480,53,40
"1890-1990",482,1,1
"1890-1990",488,21,13
"1890-1990",489,29,23
"1890-1990",536,1,1
"1890-1990",541,8,8
"1890-1990",542,117,69
"1890-1990",544,4,4
"1890-1990",545,4,4
"1890-1990",546,109,55
"1890-1990",547,1,1
"1890-1990",549,1,1
"1890-1990",590,2,2
"1890-1990",597,1,1
"1890-1990",653,1,1
"1890-1990",654,3,3
"1890-1990",656,6,5
"1890-1990",657,92,62
"1890-1990",658,1,1
"1890-1990",661,16,15
"1890-1990",756,1,1
"1890-1990",774,77,59
"1890-1990",775,1,1
"1890-1990",871,1,1
"1890-1990",882,1,1
"1890-1990",883,1,1
"1890-1990",941,90,71
"1890-1990",985,4,3
"1890-1990",995,1,1
"1890-1990",1041,1,1
"1890-1990",1107,43,36
"1890-1990",1146,1,1
"1890-1990",1159,1,1
"1890-1990",1213,1,1
"1890-1990",1214,2,2
"1890-1990",1219,14,12
"1890-1990",1259,6,6
"1890-1990",1261,1,1
"1890-1990",1262,6,6
"1890-1990",1263,19,7
"1890-1990",1264,4,4
"1890-1990",1275,2,2
"1890-1990",1278,1,1
"1890-1990",1331,33,21
"1890-1990",1366,1,1
"1890-1990",1375,3,3
"1890-1990",1376,4,4
"1890-1990",1378,1,1
"1890-1990",1386,14,11
"1890-1990",1387,2,2
"1890-1990",1389,1,1
"1890-1990",1392,1,1
"1890-1990",1395,2,2
"1890-1990",1488,36,22
"1890-1990",1492,1,1
"1890-1990",1496,2,2
"1890-1990",1499,1,1
"1890-1990",1501,5,4
"1890-1990",1502,1,1
"1890-1990",1599,21,14
"1890-1990",1602,1,1
"1890-1990",1603,3,2
"1890-1990",1613,6,3
"1890-1990",1658,1,1
"1890-1990",1664,2,1
"1890-1990",1711,1,1
"1890-1990",1712,4,3
"1890-1990",1714,1,1
"1890-1990",1720,6,6
"1890-1990",1721,13,9
"1890-1990",1768,1,1
"1890-1990",1826,14,12
"1890-1990",1831,1,1
"1890-1990",1880,1,1
"1890-1990",1883,1,1
"1890-1990",1991,4,4
"1890-1990",1992,3,1
"1890-1990",1993,1,1
"1890-1990",1996,2,2
"1890-1990",1998,1,1
"1890-1990",2103,1,1
"1890-1990",2104,4,3
"1890-1990",2214,1,1
"1890-1990",2215,27,16
"1890-1990",2216,2,2
"1890-1990",2217,2,2
"1890-1990",2328,4,3
"1890-1990",2436,1,1
"1890-1990",2437,1,1
"1890-1990",2549,1,1
"1890-1990",2550,4,1
"1890-1990",2555,1,1
"1890-1990",2560,1,1
"1890-1990",2587,4,4
"1890-1990",2605,1,1
"1890-1990",2827,2,2
"1890-1990",2828,1,1
"1890-1990",3026,1,1
"1890-1990",3140,1,1
"1890-1990",3158,5,3
"1890-1990",3161,6,6
"1890-1990",3253,1,1
"1890-1990",3270,2,1
"1890-1990",3273,1,1
"1890-1990",3310,1,1
"1890-1990",3311,3,2
"1890-1990",3322,1,1
"1890-1990",3324,1,1
"1890-1990",3326,4,3
"1890-1990",3329,4,4
"1890-1990",3330,3,3
"1890-1990",3382,1,1
"1890-1990",3421,3,2
"1890-1990",3424,1,1
"1890-1990",3427,1,1
"1890-1990",3432,4,4
"1890-1990",3438,1,1
"1890-1990",3440,1,1
"1890-1990",3445,7,6
"1890-1990",3498,19,10
"1890-1990",3541,1,1
"1890-1990",3543,1,1
"1890-1990",3544,1,1
"1890-1990",3553,1,1
"1890-1990",3607,2,1
"1890-1990",3662,1,1
"1890-1990",3666,3,3
"1890-1990",3669,8,7
"1890-1990",3765,1,1
"1890-1990",3769,1,1
"1890-1990",3824,3,2
"1890-1990",3880,1,1
"1890-1990",3882,1,1
"1890-1990",3889,1,1
"1890-1990",3941,1,1
"1890-1990",3983,5,5
"1890-1990",3990,1,1
"1890-1990",3992,1,1
"1890-1990",3996,1,1
"1890-1990",3998,3,2
"1890-1990",4004,8,5
"1890-1990",4005,7,5
"1890-1990",4049,4,3
"1890-1990",4051,4,4
"1890-1990",4055,2,2
"1890-1990",4056,7,5
"1890-1990",4057,1,1
"1890-1990",4060,6,6
"1890-1990",4111,3,2
"1890-1990",4112,1,1
"1890-1990",4160,1,1
"1890-1990",4161,8,6
"1890-1990",4163,1,1
"1890-1990",4167,2,2
"1890-1990",4168,30,24
"1890-1990",4172,1,1
"1890-1990",4269,2,2
"1890-1990",4274,2,2
"1890-1990",4279,1,1
"1890-1990",4280,2,2
"1890-1990",4281,33,16
"1890-1990",4336,1,1
"1890-1990",4387,3,1
"1890-1990",4390,1,1
"1890-1990",4392,5,4
"1890-2000",368,3,2
"1890-2000",369,1,1
"1890-2000",479,1,1
"1890-2000",480,53,40
"1890-2000",482,1,1
"1890-2000",488,21,13
"1890-2000",489,29,23
"1890-2000",536,1,1
"1890-2000",541,8,8
"1890-2000",542,117,69
"1890-2000",544,4,4
"1890-2000",545,4,4
"1890-2000",546,109,55
"1890-2000",547,1,1
"1890-2000",549,1,1
"1890-2000",590,2,2
"1890-2000",597,1,1
"1890-2000",653,1,1
"1890-2000",654,3,3
"1890-2000",656,6,5
"1890-2000",657,92,62
"1890-2000",658,1,1
"1890-2000",661,16,15
"1890-2000",756,1,1
"1890-2000",774,77,59
"1890-2000",775,1,1
"1890-2000",871,1,1
"1890-2000",882,1,1
"1890-2000",883,1,1
"1890-2000",941,90,71
"1890-2000",985,4,3
"1890-2000",992,2,1
"1890-2000",995,1,1
"1890-2000",1041,1,1
"1890-2000",1107,43,36
"1890-2000",1146,1,1
"1890-2000",1159,1,1
"1890-2000",1213,1,1
"1890-2000",1214,2,2
"1890-2000",1219,14,12
"1890-2000",1259,6,6
"1890-2000",1261,1,1
"1890-2000",1262,6,6
"1890-2000",1263,19,7
"1890-2000",1264,4,4
"1890-2000",1275,2,2
"1890-2000",1278,1,1
"1890-2000",1331,33,21
"1890-2000",1366,1,1
"1890-2000",1375,3,3
"1890-2000",1376,4,4
"1890-2000",1378,1,1
"1890-2000",1386,14,11
"1890-2000",1387,2,2
"1890-2000",1389,1,1
"1890-2000",1392,1,1
"1890-2000",1395,2,2
"1890-2000",1488,36,22
"1890-2000",1490,1,1
"1890-2000",1492,1,1
"1890-2000",1496,2,2
"1890-2000",1499,1,1
"1890-2000",1501,5,4
"1890-2000",1502,1,1
"1890-2000",1599,21,14
"1890-2000",1602,1,1
"1890-2000",1603,5,3
"1890-2000",1613,6,3
"1890-2000",1658,1,1
"1890-2000",1664,2,1
"1890-2000",1711,1,1
"1890-2000",1712,4,3
"1890-2000",1714,1,1
"1890-2000",1720,6,6
"1890-2000",1721,13,9
"1890-2000",1768,2,2
"1890-2000",1826,31,24
"1890-2000",1831,1,1
"1890-2000",1880,1,1
"1890-2000",1883,1,1
"1890-2000",1991,4,4
"1890-2000",1992,3,1
"1890-2000",1993,1,1
"1890-2000",1996,2,2
"1890-2000",1998,1,1
"1890-2000",2102,36,28
"1890-2000",2103,5,5
"1890-2000",2104,4,3
"1890-2000",2158,4,4
"1890-2000",2214,1,1
"1890-2000",2215,27,16
"1890-2000",2216,2,2
"1890-2000",2217,2,2
"1890-2000",2328,4,3
"1890-2000",2436,1,1
"1890-2000",2437,1,1
"1890-2000",2438,3,3
"1890-2000",2439,2,1
"1890-2000",2549,1,1
"1890-2000",2550,4,1
"1890-2000",2555,1,1
"1890-2000",2560,1,1
"1890-2000",2587,4,4
"1890-2000",2605,1,1
"1890-2000",2827,2,2
"1890-2000",2828,1,1
"1890-2000",2994,14,14
"1890-2000",3026,1,1
"1890-2000",3050,2,1
"1890-2000",3140,1,1
"1890-2000",3158,5,3
"1890-2000",3161,6,6
"1890-2000",3253,1,1
"1890-2000",3255,1,1
"1890-2000",3270,2,1
"1890-2000",3273,1,1
"1890-2000",3310,1,1
"1890-2000",3311,3,2
"1890-2000",3322,1,1
"1890-2000",3324,1,1
"1890-2000",3326,4,3
"1890-2000",3329,4,4
"1890-2000",3330,3,3
"1890-2000",3382,1,1
"1890-2000",3421,3,2
"1890-2000",3424,1,1
"1890-2000",3427,1,1
"1890-2000",3432,4,4
"1890-2000",3438,1,1
"1890-2000",3440,1,1
"1890-2000",3445,7,6
"1890-2000",3498,19,10
"1890-2000",3541,1,1
"1890-2000",3543,1,1
"1890-2000",3544,1,1
"1890-2000",3553,1,1
"1890-2000",3607,2,1
"1890-2000",3662,1,1
"1890-2000",3666,3,3
"1890-2000",3669,8,7
"1890-2000",3765,1,1
"1890-2000",3769,1,1
"1890-2000",3824,3,2
"1890-2000",3827,2,2
"1890-2000",3880,1,1
"1890-2000",3882,1,1
"1890-2000",3883,1,1
"1890-2000",3889,1,1
"1890-2000",3941,1,1
"1890-2000",3983,5,5
"1890-2000",3990,1,1
"1890-2000",3992,1,1
"1890-2000",3996,1,1
"1890-2000",3998,3,2
"1890-2000",4004,10,7
"1890-2000",4005,22,20
"1890-2000",4049,7,6
"1890-2000",4051,11,11
"1890-2000",4054,1,1
"1890-2000",4055,2,2
"1890-2000",4056,7,5
"1890-2000",4057,13,12
"1890-2000",4060,6,6
"1890-2000",4107,1,1
"1890-2000",4111,3,2
"1890-2000",4112,1,1
"1890-2000",4117,1,1
"1890-2000",4155,1,1
"1890-2000",4160,1,1
"1890-2000",4161,8,6
"1890-2000",4163,1,1
"1890-2000",4166,5,3
"1890-2000",4167,3,3
"1890-2000",4168,40,32
"1890-2000",4172,1,1
"1890-2000",4269,2,2
"1890-2000",4274,2,2
"1890-2000",4279,1,1
"1890-2000",4280,2,2
"1890-2000",4281,33,16
"1890-2000",4336,1,1
"1890-2000",4380,4,4
"1890-2000",4387,3,1
"1890-2000",4390,1,1
"1890-2000",4392,13,8
"1890-2010",368,3,2
"1890-2010",369,1,1
"1890-2010",479,1,1
"1890-2010",480,53,40
"1890-2010",482,1,1
"1890-2010",488,22,14
"1890-2010",489,33,27
"1890-2010",536,1,1
"1890-2010",540,2,1
"1890-2010",541,8,8
"1890-2010",542,117,69
"1890-2010",544,5,5
"1890-2010",545,4,4
"1890-2010",546,109,55
"1890-2010",547,1,1
"1890-2010",549,2,2
"1890-2010",590,2,2
"1890-2010",597,1,1
"1890-2010",598,1,1
"1890-2010",604,1,1
"1890-2010",653,1,1
"1890-2010",654,3,3
"1890-2010",655,3,2
"1890-2010",656,6,5
"1890-2010",657,92,62
"1890-2010",658,1,1
"1890-2010",661,16,15
"1890-2010",662,1,1
"1890-2010",711,2,1
"1890-2010",756,1,1
"1890-2010",774,77,59
"1890-2010",775,1,1
"1890-2010",871,3,2
"1890-2010",882,1,1
"1890-2010",883,1,1
"1890-2010",941,90,71
"1890-2010",985,4,3
"1890-2010",992,2,1
"1890-2010",995,1,1
"1890-2010",1041,1,1
"1890-2010",1107,43,36
"1890-2010",1146,1,1
"1890-2010",1159,1,1
"1890-2010",1213,1,1
"1890-2010",1214,14,8
"1890-2010",1219,14,12
"1890-2010",1259,6,6
"1890-2010",1261,1,1
"1890-2010",1262,6,6
"1890-2010",1263,19,7
"1890-2010",1264,4,4
"1890-2010",1275,2,2
"1890-2010",1278,1,1
"1890-2010",1331,33,21
"1890-2010",1366,1,1
"1890-2010",1375,3,3
"1890-2010",1376,4,4
"1890-2010",1378,7,2
"1890-2010",1386,14,11
"1890-2010",1387,2,2
"1890-2010",1389,2,2
"1890-2010",1392,1,1
"1890-2010",1395,2,2
"1890-2010",1434,2,1
"1890-2010",1435,1,1
"1890-2010",1443,1,1
"1890-2010",1488,36,22
"1890-2010",1490,1,1
"1890-2010",1492,1,1
"1890-2010",1496,2,2
"1890-2010",1499,1,1
"1890-2010",1501,5,4
"1890-2010",1502,1,1
"1890-2010",1599,21,14
"1890-2010",1602,3,2
"1890-2010",1603,5,3
"1890-2010",1612,1,1
"1890-2010",1613,6,3
"1890-2010",1657,3,2
"1890-2010",1658,1,1
"1890-2010",1664,2,1
"1890-2010",1667,2,1
"1890-2010",1711,1,1
"1890-2010",1712,4,3
"1890-2010",1714,1,1
"1890-2010",1720,6,6
"1890-2010",1721,13,9
"1890-2010",1768,2,2
"1890-2010",1826,33,26
"1890-2010",1831,1,1
"1890-2010",1880,1,1
"1890-2010",1882,1,1
"1890-2010",1883,1,1
"1890-2010",1938,1,1
"1890-2010",1991,4,4
"1890-2010",1992,3,1
"1890-2010",1993,1,1
"1890-2010",1996,2,2
"1890-2010",1998,1,1
"1890-2010",2047,2,1
"1890-2010",2048,4,2
"1890-2010",2049,2,2
"1890-2010",2052,6,3
"1890-2010",2102,36,28
"1890-2010",2103,69,68
"1890-2010",2104,5,4
"1890-2010",2105,2,1
"1890-2010",2158,8,7
"1890-2010",2159,1,1
"1890-2010",2161,2,2
"1890-2010",2214,1,1
"1890-2010",2215,27,16
"1890-2010",2216,2,2
"1890-2010",2217,2,2
"1890-2010",2271,2,1
"1890-2010",2272,3,3
"1890-2010",2273,1,1
"1890-2010",2328,6,4
"1890-2010",2436,1,1
"1890-2010",2437,3,3
"1890-2010",2438,3,3
"1890-2010",2439,2,1
"1890-2010",2549,1,1
"1890-2010",2550,4,1
"1890-2010",2555,1,1
"1890-2010",2560,1,1
"1890-2010",2587,4,4
"1890-2010",2605,1,1
"1890-2010",2779,1,1
"1890-2010",2827,2,2
"1890-2010",2828,1,1
"1890-2010",2939,1,1
"1890-2010",2994,14,14
"1890-2010",3026,1,1
"1890-2010",3050,2,1
"1890-2010",3055,1,1
"1890-2010",3140,1,1
"1890-2010",3158,5,3
"1890-2010",3161,6,6
"1890-2010",3253,1,1
"1890-2010",3255,1,1
"1890-2010",3270,2,1
"1890-2010",3273,4,4
"1890-2010",3274,2,1
"1890-2010",3310,1,1
"1890-2010",3311,3,2
"1890-2010",3322,1,1
"1890-2010",3324,1,1
"1890-2010",3326,4,3
"1890-2010",3329,5,5
"1890-2010",3330,3,3
"1890-2010",3382,1,1
"1890-2010",3385,1,1
"1890-2010",3386,2,1
"1890-2010",3421,3,2
"1890-2010",3424,1,1
"1890-2010",3427,1,1
"1890-2010",3432,4,4
"1890-2010",3438,1,1
"1890-2010",3440,1,1
"1890-2010",3445,14,10
"1890-2010",3498,19,10
"1890-2010",3533,9,3
"1890-2010",3541,1,1
"1890-2010",3543,11,7
"1890-2010",3544,3,2
"1890-2010",3553,1,1
"1890-2010",3607,2,1
"1890-2010",3610,6,3
"1890-2010",3662,1,1
"1890-2010",3666,3,3
"1890-2010",3669,8,7
"1890-2010",3765,1,1
"1890-2010",3769,1,1
"1890-2010",3816,2,1
"1890-2010",3824,3,2
"1890-2010",3827,2,2
"1890-2010",3879,2,2
"1890-2010",3880,1,1
"1890-2010",3882,1,1
"1890-2010",3883,1,1
"1890-2010",3889,1,1
"1890-2010",3941,1,1
"1890-2010",3983,5,5
"1890-2010",3990,1,1
"1890-2010",3992,1,1
"1890-2010",3996,1,1
"1890-2010",3998,3,2
"1890-2010",4004,19,12
"1890-2010",4005,49,31
"1890-2010",4037,1,1
"1890-2010",4047,1,1
"1890-2010",4049,7,6
"1890-2010",4050,3,2
"1890-2010",4051,11,11
"1890-2010",4054,1,1
"1890-2010",4055,2,2
"1890-2010",4056,7,5
"1890-2010",4057,13,12
"1890-2010",4060,6,6
"1890-2010",4061,1,1
"1890-2010",4104,1,1
"1890-2010",4107,1,1
"1890-2010",4110,24,7
"1890-2010",4111,5,4
"1890-2010",4112,7,5
"1890-2010",4114,9,4
"1890-2010",4116,1,1
"1890-2010",4117,1,1
"1890-2010",4118,2,1
"1890-2010",4155,1,1
"1890-2010",4157,2,2
"1890-2010",4160,1,1
"1890-2010",4161,8,6
"1890-2010",4163,1,1
"1890-2010",4166,12,10
"1890-2010",4167,6,5
"1890-2010",4168,47,37
"1890-2010",4169,2,2
"1890-2010",4172,1,1
"1890-2010",4223,17,6
"1890-2010",4224,30,17
"1890-2010",4269,2,2
"1890-2010",4274,2,2
"1890-2010",4279,1,1
"1890-2010",4280,2,2
"1890-2010",4281,48,23
"1890-2010",4282,1,1
"1890-2010",4336,1,1
"1890-2010",4337,2,1
"1890-2010",4380,4,4
"1890-2010",4381,1,1
"1890-2010",4387,3,1
"1890-2010",4390,1,1
"1890-2010",4392,20,11
"1890-2010",4393,1,1
"1890-2020",27,1,1
"1890-2020",29,3,3
"1890-2020",30,19,12
"1890-2020",82,1,1
"1890-2020",84,1,1
"1890-2020",85,6,3
"1890-2020",86,18,11
"1890-2020",87,3,2
"1890-2020",138,3,3
"1890-2020",141,2,2
"1890-2020",198,2,2
"1890-2020",251,12,9
"1890-2020",257,14,9
"1890-2020",258,1,1
"1890-2020",307,31,20
"1890-2020",312,5,4
"1890-2020",313,22,13
"1890-2020",318,1,1
"1890-2020",363,3,2
"1890-2020",368,7,6
"1890-2020",369,6,4
"1890-2020",373,1,1
"1890-2020",375,1,1
"1890-2020",424,7,5
"1890-2020",425,8,4
"1890-2020",429,1,1
"1890-2020",430,1,1
"1890-2020",432,2,2
"1890-2020",433,2,1
"1890-2020",479,2,2
"1890-2020",480,62,46
"1890-2020",482,5,4
"1890-2020",487,2,1
"1890-2020",488,56,26
"1890-2020",489,115,49
"1890-2020",490,33,14
"1890-2020",536,1,1
"1890-2020",539,110,28
"1890-2020",540,113,41
"1890-2020",541,57,23
"1890-2020",542,169,82
"1890-2020",543,37,11
"1890-2020",544,19,11
"1890-2020",545,4,4
"1890-2020",546,168,64
"1890-2020",547,2,2
"1890-2020",549,2,2
"1890-2020",590,2,2
"1890-2020",591,1,1
"1890-2020",595,1,1
"1890-2020",596,36,16
"1890-2020",597,92,29
"1890-2020",598,88,25
"1890-2020",599,265,59
"1890-2020",602,1,1
"1890-2020",604,1,1
"1890-2020",639,1,1
"1890-2020",647,2,1
"1890-2020",648,4,2
"1890-2020",650,1,1
"1890-2020",651,1,1
"1890-2020",653,1,1
"1890-2020",654,3,3
"1890-2020",655,21,9
"1890-2020",656,6,5
"1890-2020",657,101,70
"1890-2020",658,1,1
"1890-2020",659,2,1
"1890-2020",661,16,15
"1890-2020",662,1,1
"1890-2020",703,32,14
"1890-2020",704,2,1
"1890-2020",711,2,1
"1890-2020",712,111,27
"1890-2020",713,3,3
"1890-2020",715,1,1
"1890-2020",716,2,1
"1890-2020",752,1,1
"1890-2020",753,6,5
"1890-2020",756,1,1
"1890-2020",759,5,3
"1890-2020",760,2,1
"1890-2020",764,13,8
"1890-2020",774,77,59
"1890-2020",775,1,1
"1890-2020",804,7,5
"1890-2020",807,1,1
"1890-2020",809,1,1
"1890-2020",814,1,1
"1890-2020",815,32,18
"1890-2020",816,7,5
"1890-2020",825,1,1
"1890-2020",827,2,1
"1890-2020",856,3,3
"1890-2020",860,13,10
"1890-2020",861,2,2
"1890-2020",862,4,3
"1890-2020",863,1,1
"1890-2020",864,3,3
"1890-2020",870,2,1
"1890-2020",871,26,15
"1890-2020",872,2,1
"1890-2020",873,1,1
"1890-2020",882,1,1
"1890-2020",883,3,2
"1890-2020",917,1,1
"1890-2020",918,3,3
"1890-2020",919,1,1
"1890-2020",920,1,1
"1890-2020",921,5,5
"1890-2020",926,8,4
"1890-2020",930,1,1
"1890-2020",935,1,1
"1890-2020",936,1,1
"1890-2020",941,90,71
"1890-2020",975,1,1
"1890-2020",982,14,6
"1890-2020",983,3,3
"1890-2020",984,4,3
"1890-2020",985,4,3
"1890-2020",988,1,1
"1890-2020",990,2,1
"1890-2020",991,2,1
"1890-2020",992,2,1
"1890-2020",993,1,1
"1890-2020",995,1,1
"1890-2020",1025,1,1
"1890-2020",1038,1,1
"1890-2020",1039,1,1
"1890-2020",1041,1,1
"1890-2020",1092,1,1
"1890-2020",1097,1,1
"1890-2020",1104,2,1
"1890-2020",1105,1,1
"1890-2020",1107,43,36
"1890-2020",1139,1,1
"1890-2020",1146,1,1
"1890-2020",1150,1,1
"1890-2020",1151,6,4
"1890-2020",1152,1,1
"1890-2020",1154,3,2
"1890-2020",1156,1,1
"1890-2020",1159,1,1
"1890-2020",1160,3,2
"1890-2020",1163,16,9
"1890-2020",1202,3,2
"1890-2020",1203,1,1
"1890-2020",1205,1,1
"1890-2020",1208,9,7
"1890-2020",1209,22,13
"1890-2020",1213,1,1
"1890-2020",1214,16,9
"1890-2020",1219,14,12
"1890-2020",1259,6,6
"1890-2020",1261,5,4
"1890-2020",1262,32,17
"1890-2020",1263,19,7
"1890-2020",1264,14,9
"1890-2020",1265,28,21
"1890-2020",1270,7,5
"1890-2020",1273,2,1
"1890-2020",1275,2,2
"1890-2020",1278,1,1
"1890-2020",1316,1,1
"1890-2020",1317,9,6
"1890-2020",1318,7,5
"1890-2020",1319,1,1
"1890-2020",1320,11,7
"1890-2020",1321,61,35
"1890-2020",1322,62,34
"1890-2020",1323,2,1
"1890-2020",1324,1,1
"1890-2020",1325,1,1
"1890-2020",1330,4,2
"1890-2020",1331,33,21
"1890-2020",1333,4,2
"1890-2020",1366,1,1
"1890-2020",1373,2,2
"1890-2020",1374,21,14
"1890-2020",1375,58,38
"1890-2020",1376,30,23
"1890-2020",1377,55,34
"1890-2020",1378,174,70
"1890-2020",1381,2,1
"1890-2020",1385,2,1
"1890-2020",1386,16,12
"1890-2020",1387,3,3
"1890-2020",1389,14,7
"1890-2020",1391,8,4
"1890-2020",1392,1,1
"1890-2020",1395,2,2
"1890-2020",1430,2,2
"1890-2020",1431,21,18
"1890-2020",1432,12,9
"1890-2020",1433,42,18
"1890-2020",1434,58,32
"1890-2020",1435,3,3
"1890-2020",1436,2,1
"1890-2020",1439,1,1
"1890-2020",1443,1,1
"1890-2020",1444,33,13
"1890-2020",1446,2,1
"1890-2020",1486,3,2
"1890-2020",1488,43,25
"1890-2020",1489,27,18
"1890-2020",1490,49,28
"1890-2020",1491,14,7
"1890-2020",1492,5,4
"1890-2020",1496,2,2
"1890-2020",1499,8,5
"1890-2020",1501,5,4
"1890-2020",1502,1,1
"1890-2020",1539,2,1
"1890-2020",1545,1,1
"1890-2020",1546,63,35
"1890-2020",1547,108,39
"1890-2020",1548,55,23
"1890-2020",1549,5,3
"1890-2020",1556,15,9
"1890-2020",1591,2,2
"1890-2020",1593,3,2
"1890-2020",1597,1,1
"1890-2020",1598,2,1
"1890-2020",1599,22,15
"1890-2020",1600,15,9
"1890-2020",1601,75,25
"1890-2020",1602,131,45
"1890-2020",1603,83,48
"1890-2020",1604,26,11
"1890-2020",1612,12,7
"1890-2020",1613,6,3
"1890-2020",1647,1,1
"1890-2020",1648,2,1
"1890-2020",1656,39,14
"1890-2020",1657,124,35
"1890-2020",1658,41,15
"1890-2020",1659,97,41
"1890-2020",1660,25,14
"1890-2020",1661,1,1
"1890-2020",1664,2,1
"1890-2020",1666,1,1
"1890-2020",1667,12,7
"1890-2020",1668,5,3
"1890-2020",1675,17,15
"1890-2020",1676,17,14
"1890-2020",1709,1,1
"1890-2020",1711,1,1
"1890-2020",1712,25,19
"1890-2020",1713,34,18
"1890-2020",1714,11,7
"1890-2020",1715,5,3
"1890-2020",1716,4,2
"1890-2020",1718,4,3
"1890-2020",1720,151,69
"1890-2020",1721,66,29
"1890-2020",1722,12,5
"1890-2020",1723,1,1
"1890-2020",1729,2,1
"1890-2020",1731,1,1
"1890-2020",1768,14,9
"1890-2020",1769,89,39
"1890-2020",1770,13,9
"1890-2020",1771,11,5
"1890-2020",1772,5,3
"1890-2020",1774,1,1
"1890-2020",1775,47,25
"1890-2020",1776,39,27
"1890-2020",1785,2,2
"1890-2020",1823,1,1
"1890-2020",1825,6,4
"1890-2020",1826,62,48
"1890-2020",1827,58,31
"1890-2020",1828,27,16
"1890-2020",1829,6,4
"1890-2020",1830,17,13
"1890-2020",1831,12,6
"1890-2020",1832,38,16
"1890-2020",1840,4,2
"1890-2020",1841,2,1
"1890-2020",1873,2,1
"1890-2020",1880,1,1
"1890-2020",1881,32,17
"1890-2020",1882,67,43
"1890-2020",1883,57,28
"1890-2020",1884,238,77
"1890-2020",1885,10,8
"1890-2020",1886,23,18
"1890-2020",1887,11,7
"1890-2020",1888,2,1
"1890-2020",1896,5,5
"1890-2020",1897,1,1
"1890-2020",1935,5,3
"1890-2020",1936,19,13
"1890-2020",1937,99,38
"1890-2020",1938,143,53
"1890-2020",1939,32,13
"1890-2020",1940,53,30
"1890-2020",1941,14,13
"1890-2020",1942,1,1
"1890-2020",1943,1,1
"1890-2020",1945,2,1
"1890-2020",1950,3,2
"1890-2020",1951,5,5
"1890-2020",1952,1,1
"1890-2020",1953,47,33
"1890-2020",1954,8,4
"1890-2020",1955,25,10
"1890-2020",1991,26,16
"1890-2020",1992,8,5
"1890-2020",1993,47,25
"1890-2020",1994,23,15
"1890-2020",1995,7,4
"1890-2020",1996,14,10
"1890-2020",1997,18,16
"1890-2020",1998,1,1
"1890-2020",1999,2,2
"1890-2020",2000,4,2
"1890-2020",2003,4,2
"1890-2020",2004,7,3
"1890-2020",2005,1,1
"1890-2020",2046,2,2
"1890-2020",2047,168,66
"1890-2020",2048,104,57
"1890-2020",2049,209,78
"1890-2020",2050,33,27
"1890-2020",2051,72,48
"1890-2020",2052,14,8
"1890-2020",2053,2,2
"1890-2020",2054,1,1
"1890-2020",2056,7,6
"1890-2020",2059,1,1
"1890-2020",2062,2,1
"1890-2020",2102,140,59
"1890-2020",2103,391,133
"1890-2020",2104,186,106
"1890-2020",2105,174,76
"1890-2020",2106,48,33
"1890-2020",2107,33,19
"1890-2020",2108,2,2
"1890-2020",2109,2,2
"1890-2020",2111,4,2
"1890-2020",2112,1,1
"1890-2020",2114,2,1
"1890-2020",2115,1,1
"1890-2020",2157,2,2
"1890-2020",2158,270,92
"1890-2020",2159,374,106
"1890-2020",2160,84,51
"1890-2020",2161,87,40
"1890-2020",2162,23,16
"1890-2020",2163,4,2
"1890-2020",2169,1,1
"1890-2020",2207,1,1
"1890-2020",2214,1,1
"1890-2020",2215,54,28
"1890-2020",2216,78,36
"1890-2020",2217,67,22
"1890-2020",2218,3,2
"1890-2020",2219,2,1
"1890-2020",2220,2,2
"1890-2020",2271,9,5
"1890-2020",2272,406,66
"1890-2020",2273,42,12
"1890-2020",2274,169,41
"1890-2020",2275,50,26
"1890-2020",2276,13,10
"1890-2020",2326,2,1
"1890-2020",2327,6,3
"1890-2020",2328,42,22
"1890-2020",2329,7,7
"1890-2020",2330,78,25
"1890-2020",2331,3,3
"1890-2020",2332,2,2
"1890-2020",2333,1,1
"1890-2020",2335,1,1
"1890-2020",2338,4,2
"1890-2020",2381,8,4
"1890-2020",2382,19,12
"1890-2020",2383,1,1
"1890-2020",2385,1,1
"1890-2020",2386,3,2
"1890-2020",2387,14,10
"1890-2020",2388,3,3
"1890-2020",2389,7,5
"1890-2020",2405,1,1
"1890-2020",2406,1,1
"1890-2020",2407,7,5
"1890-2020",2436,188,39
"1890-2020",2437,114,32
"1890-2020",2438,12,7
"1890-2020",2439,8,5
"1890-2020",2445,64,26
"1890-2020",2446,7,4
"1890-2020",2450,1,1
"1890-2020",2461,1,1
"1890-2020",2462,3,3
"1890-2020",2463,10,5
"1890-2020",2492,12,8
"1890-2020",2493,1,1
"1890-2020",2495,1,1
"1890-2020",2497,3,2
"1890-2020",2498,2,2
"1890-2020",2499,2,1
"1890-2020",2501,16,12
"1890-2020",2502,9,7
"1890-2020",2505,1,1
"1890-2020",2506,1,1
"1890-2020",2548,7,3
"1890-2020",2549,18,14
"1890-2020",2550,5,2
"1890-2020",2551,1,1
"1890-2020",2555,4,3
"1890-2020",2556,1,1
"1890-2020",2560,2,2
"1890-2020",2563,1,1
"1890-2020",2581,6,6
"1890-2020",2587,4,4
"1890-2020",2604,9,7
"1890-2020",2605,4,3
"1890-2020",2606,2,2
"1890-2020",2607,1,1
"1890-2020",2612,1,1
"1890-2020",2615,1,1
"1890-2020",2619,1,1
"1890-2020",2660,5,3
"1890-2020",2664,1,1
"1890-2020",2673,1,1
"1890-2020",2716,1,1
"1890-2020",2725,2,1
"1890-2020",2771,3,2
"1890-2020",2772,1,1
"1890-2020",2775,2,1
"1890-2020",2779,1,1
"1890-2020",2827,40,27
"1890-2020",2828,1,1
"1890-2020",2831,4,2
"1890-2020",2857,5,5
"1890-2020",2868,1,1
"1890-2020",2878,2,1
"1890-2020",2883,20,13
"1890-2020",2888,8,4
"1890-2020",2912,4,4
"1890-2020",2928,2,1
"1890-2020",2939,5,3
"1890-2020",2944,1,1
"1890-2020",2994,105,47
"1890-2020",2999,2,1
"1890-2020",3002,1,1
"1890-2020",3026,1,1
"1890-2020",3049,2,1
"1890-2020",3050,72,41
"1890-2020",3055,1,1
"1890-2020",3105,1,1
"1890-2020",3106,34,18
"1890-2020",3108,4,3
"1890-2020",3111,3,2
"1890-2020",3140,1,1
"1890-2020",3145,1,1
"1890-2020",3151,2,1
"1890-2020",3158,5,3
"1890-2020",3161,8,7
"1890-2020",3162,23,10
"1890-2020",3163,1,1
"1890-2020",3164,2,1
"1890-2020",3192,1,1
"1890-2020",3198,1,1
"1890-2020",3210,1,1
"1890-2020",3217,8,4
"1890-2020",3218,36,15
"1890-2020",3219,53,28
"1890-2020",3220,24,10
"1890-2020",3221,2,1
"1890-2020",3248,2,1
"1890-2020",3253,1,1
"1890-2020",3255,1,1
"1890-2020",3256,36,17
"1890-2020",3257,1,1
"1890-2020",3262,1,1
"1890-2020",3263,1,1
"1890-2020",3270,2,1
"1890-2020",3273,4,4
"1890-2020",3274,4,2
"1890-2020",3276,33,16
"1890-2020",3277,18,10
"1890-2020",3304,5,3
"1890-2020",3307,2,1
"1890-2020",3310,1,1
"1890-2020",3311,3,2
"1890-2020",3317,1,1
"1890-2020",3318,2,2
"1890-2020",3319,3,2
"1890-2020",3321,14,8
"1890-2020",3322,1,1
"1890-2020",3323,1,1
"1890-2020",3324,1,1
"1890-2020",3326,6,4
"1890-2020",3329,16,11
"1890-2020",3330,3,3
"1890-2020",3331,1,1
"1890-2020",3333,9,5
"1890-2020",3361,7,3
"1890-2020",3362,10,6
"1890-2020",3363,8,8
"1890-2020",3373,6,3
"1890-2020",3382,1,1
"1890-2020",3385,5,4
"1890-2020",3386,8,4
"1890-2020",3387,1,1
"1890-2020",3388,7,4
"1890-2020",3389,2,1
"1890-2020",3417,2,1
"1890-2020",3418,14,13
"1890-2020",3419,2,2
"1890-2020",3421,3,2
"1890-2020",3424,1,1
"1890-2020",3427,1,1
"1890-2020",3428,4,4
"1890-2020",3432,11,8
"1890-2020",3434,1,1
"1890-2020",3438,1,1
"1890-2020",3440,1,1
"1890-2020",3441,4,3
"1890-2020",3442,31,9
"1890-2020",3443,15,8
"1890-2020",3444,21,10
"1890-2020",3445,51,24
"1890-2020",3446,1,1
"1890-2020",3484,1,1
"1890-2020",3487,2,1
"1890-2020",3488,2,1
"1890-2020",3490,6,3
"1890-2020",3492,2,1
"1890-2020",3494,2,1
"1890-2020",3498,40,22
"1890-2020",3499,12,6
"1890-2020",3500,5,4
"1890-2020",3501,4,3
"1890-2020",3502,3,1
"1890-2020",3531,1,1
"1890-2020",3532,2,2
"1890-2020",3533,9,3
"1890-2020",3540,1,1
"1890-2020",3541,9,7
"1890-2020",3542,7,4
"1890-2020",3543,17,12
"1890-2020",3544,3,2
"1890-2020",3552,2,1
"1890-2020",3553,3,2
"1890-2020",3554,17,11
"1890-2020",3555,78,42
"1890-2020",3556,22,14
"1890-2020",3557,4,3
"1890-2020",3558,2,1
"1890-2020",3588,3,3
"1890-2020",3589,2,2
"1890-2020",3596,10,7
"1890-2020",3597,65,28
"1890-2020",3600,2,2
"1890-2020",3603,3,2
"1890-2020",3604,8,4
"1890-2020",3606,3,2
"1890-2020",3607,2,1
"1890-2020",3609,2,2
"1890-2020",3610,30,20
"1890-2020",3611,7,7
"1890-2020",3612,18,9
"1890-2020",3613,33,19
"1890-2020",3614,1,1
"1890-2020",3644,1,1
"1890-2020",3649,2,1
"1890-2020",3652,24,16
"1890-2020",3653,4,4
"1890-2020",3657,1,1
"1890-2020",3658,3,3
"1890-2020",3660,5,4
"1890-2020",3662,5,3
"1890-2020",3664,2,1
"1890-2020",3666,18,11
"1890-2020",3667,8,4
"1890-2020",3668,1,1
"1890-2020",3669,8,7
"1890-2020",3670,4,3
"1890-2020",3701,2,2
"1890-2020",3704,3,3
"1890-2020",3705,11,6
"1890-2020",3707,3,3
"1890-2020",3708,25,17
"1890-2020",3713,41,21
"1890-2020",3714,1,1
"1890-2020",3715,16,11
"1890-2020",3718,2,1
"1890-2020",3723,6,3
"1890-2020",3724,7,3
"1890-2020",3725,8,4
"1890-2020",3757,9,6
"1890-2020",3758,5,2
"1890-2020",3759,26,12
"1890-2020",3760,2,2
"1890-2020",3761,36,17
"1890-2020",3762,2,1
"1890-2020",3763,1,1
"1890-2020",3765,1,1
"1890-2020",3769,20,13
"1890-2020",3780,38,23
"1890-2020",3814,5,5
"1890-2020",3815,28,12
"1890-2020",3816,42,17
"1890-2020",3817,2,1
"1890-2020",3824,3,2
"1890-2020",3827,2,2
"1890-2020",3831,4,2
"1890-2020",3832,8,4
"1890-2020",3835,2,2
"1890-2020",3870,2,2
"1890-2020",3871,2,1
"1890-2020",3872,17,10
"1890-2020",3874,22,12
"1890-2020",3879,2,2
"1890-2020",3880,1,1
"1890-2020",3881,10,6
"1890-2020",3882,3,2
"1890-2020",3883,11,7
"1890-2020",3884,13,7
"1890-2020",3885,19,14
"1890-2020",3889,1,1
"1890-2020",3891,2,1
"1890-2020",3892,47,19
"1890-2020",3893,60,25
"1890-2020",3925,5,3
"1890-2020",3926,17,10
"1890-2020",3927,23,15
"1890-2020",3929,34,14
"1890-2020",3930,61,27
"1890-2020",3931,7,4
"1890-2020",3932,1,1
"1890-2020",3936,17,9
"1890-2020",3937,41,17
"1890-2020",3938,9,5
"1890-2020",3939,10,5
"1890-2020",3940,1,1
"1890-2020",3941,5,4
"1890-2020",3946,6,4
"1890-2020",3947,6,4
"1890-2020",3948,479,94
"1890-2020",3949,20,13
"1890-2020",3950,1,1
"1890-2020",3981,8,4
"1890-2020",3982,19,10
"1890-2020",3983,40,25
"1890-2020",3984,1,1
"1890-2020",3985,17,8
"1890-2020",3986,23,10
"1890-2020",3987,19,11
"1890-2020",3988,3,2
"1890-2020",3990,1,1
"1890-2020",3992,2,2
"1890-2020",3993,276,84
"1890-2020",3994,161,42
"1890-2020",3995,28,13
"1890-2020",3996,139,57
"1890-2020",3998,3,2
"1890-2020",3999,1,1
"1890-2020",4001,18,7
"1890-2020",4003,38,19
"1890-2020",4004,1092,112
"1890-2020",4005,463,109
"1890-2020",4006,17,9
"1890-2020",4036,11,7
"1890-2020",4037,11,6
"1890-2020",4038,35,16
"1890-2020",4040,16,7
"1890-2020",4046,14,6
"1890-2020",4047,7,5
"1890-2020",4048,30,16
"1890-2020",4049,79,40
"1890-2020",4050,361,87
"1890-2020",4051,190,80
"1890-2020",4052,40,20
"1890-2020",4053,3,2
"1890-2020",4054,1,1
"1890-2020",4055,2,2
"1890-2020",4056,11,7
"1890-2020",4057,15,14
"1890-2020",4058,56,20
"1890-2020",4059,25,15
"1890-2020",4060,28,17
"1890-2020",4061,25,16
"1890-2020",4062,5,4
"1890-2020",4099,1,1
"1890-2020",4101,8,4
"1890-2020",4102,18,9
"1890-2020",4103,46,22
"1890-2020",4104,20,12
"1890-2020",4105,15,10
"1890-2020",4106,90,40
"1890-2020",4107,472,142
"1890-2020",4108,96,42
"1890-2020",4110,50,20
"1890-2020",4111,120,63
"1890-2020",4112,40,24
"1890-2020",4113,32,18
"1890-2020",4114,85,36
"1890-2020",4115,5,3
"1890-2020",4116,1,1
"1890-2020",4117,124,44
"1890-2020",4118,137,47
"1890-2020",4153,2,2
"1890-2020",4155,1,1
"1890-2020",4156,30,18
"1890-2020",4157,66,39
"1890-2020",4158,10,5
"1890-2020",4159,6,4
"1890-2020",4160,15,9
"1890-2020",4161,24,16
"1890-2020",4162,6,4
"1890-2020",4163,69,32
"1890-2020",4165,1,1
"1890-2020",4166,225,66
"1890-2020",4167,69,49
"1890-2020",4168,82,55
"1890-2020",4169,33,13
"1890-2020",4170,8,5
"1890-2020",4171,1,1
"1890-2020",4172,1,1
"1890-2020",4173,30,20
"1890-2020",4174,1,1
"1890-2020",4210,11,6
"1890-2020",4213,144,68
"1890-2020",4214,30,20
"1890-2020",4215,20,13
"1890-2020",4216,8,5
"1890-2020",4218,2,1
"1890-2020",4219,17,10
"1890-2020",4221,2,2
"1890-2020",4223,102,60
"1890-2020",4224,92,45
"1890-2020",4225,42,22
"1890-2020",4226,53,31
"1890-2020",4227,9,7
"1890-2020",4229,13,8
"1890-2020",4268,7,4
"1890-2020",4269,27,18
"1890-2020",4270,21,9
"1890-2020",4271,50,28
"1890-2020",4274,4,4
"1890-2020",4275,42,24
"1890-2020",4279,8,8
"1890-2020",4280,19,15
"1890-2020",4281,56,29
"1890-2020",4282,61,20
"1890-2020",4324,214,81
"1890-2020",4325,15,10
"1890-2020",4326,32,17
"1890-2020",4327,7,4
"1890-2020",4328,12,7
"1890-2020",4329,74,33
"1890-2020",4330,29,16
"1890-2020",4333,1,1
"1890-2020",4336,216,53
"1890-2020",4337,46,27
"1890-2020",4338,39,34
"1890-2020",4380,6,6
"1890-2020",4381,119,44
"1890-2020",4382,2,1
"1890-2020",4385,4,3
"1890-2020",4387,3,1
"1890-2020",4390,1,1
"1890-2020",4391,1,1
"1890-2020",4392,597,105
"1890-2020",4393,75,47
"1890-2024",27,1,1
"1890-2024",29,11,9
"1890-2024",30,24,16
"1890-2024",82,1,1
"1890-2024",84,2,2
"1890-2024",85,6,3
"1890-2024",86,20,12
"1890-2024",87,5,4
"1890-2024",88,1,1
"1890-2024",138,7,7
"1890-2024",140,2,2
"1890-2024",141,2,2
"1890-2024",142,3,3
"1890-2024",196,2,1
"1890-2024",197,2,2
"1890-2024",198,9,6
"1890-2024",251,12,9
"1890-2024",253,2,1
"1890-2024",257,38,26
"1890-2024",258,1,1
"1890-2024",307,41,26
"1890-2024",311,1,1
"1890-2024",312,6,5
"1890-2024",313,35,20
"1890-2024",318,1,1
"1890-2024",363,3,2
"1890-2024",364,2,1
"1890-2024",366,2,2
"1890-2024",368,10,9
"1890-2024",369,12,9
"1890-2024",373,1,1
"1890-2024",375,1,1
"1890-2024",419,1,1
"1890-2024",423,7,4
"1890-2024",424,15,12
"1890-2024",425,26,15
"1890-2024",429,1,1
"1890-2024",430,1,1
"1890-2024",432,47,25
"1890-2024",433,11,7
"1890-2024",434,1,1
"1890-2024",475,3,3
"1890-2024",476,1,1
"1890-2024",478,1,1
"1890-2024",479,6,5
"1890-2024",480,104,66
"1890-2024",481,2,1
"1890-2024",482,21,13
"1890-2024",483,7,5
"1890-2024",486,1,1
"1890-2024",487,3,2
"1890-2024",488,256,50
"1890-2024",489,248,68
"1890-2024",490,63,31
"1890-2024",530,1,1
"1890-2024",536,6,5
"1890-2024",537,1,1
"1890-2024",539,169,46
"1890-2024",540,194,57
"1890-2024",541,95,38
"1890-2024",542,270,101
"1890-2024",543,84,35
"1890-2024",544,60,32
"1890-2024",545,6,6
"1890-2024",546,267,73
"1890-2024",547,2,2
"1890-2024",549,2,2
"1890-2024",590,2,2
"1890-2024",591,10,6
"1890-2024",595,1,1
"1890-2024",596,78,29
"1890-2024",597,130,43
"1890-2024",598,111,32
"1890-2024",599,348,71
"1890-2024",602,1,1
"1890-2024",604,2,2
"1890-2024",605,1,1
"1890-2024",639,1,1
"1890-2024",647,8,4
"1890-2024",648,5,3
"1890-2024",649,2,1
"1890-2024",650,1,1
"1890-2024",651,1,1
"1890-2024",653,1,1
"1890-2024",654,7,7
"1890-2024",655,22,10
"1890-2024",656,6,5
"1890-2024",657,103,70
"1890-2024",658,1,1
"1890-2024",659,2,1
"1890-2024",660,10,10
"1890-2024",661,16,15
"1890-2024",662,1,1
"1890-2024",703,51,18
"1890-2024",704,2,1
"1890-2024",705,1,1
"1890-2024",711,2,1
"1890-2024",712,111,27
"1890-2024",713,3,3
"1890-2024",715,1,1
"1890-2024",716,157,66
"1890-2024",717,47,32
"1890-2024",752,1,1
"1890-2024",753,6,5
"1890-2024",756,1,1
"1890-2024",759,35,17
"1890-2024",760,13,9
"1890-2024",763,6,4
"1890-2024",764,13,8
"1890-2024",768,1,1
"1890-2024",769,1,1
"1890-2024",772,1,1
"1890-2024",773,28,22
"1890-2024",774,90,66
"1890-2024",775,1,1
"1890-2024",800,1,1
"1890-2024",804,46,18
"1890-2024",807,1,1
"1890-2024",809,1,1
"1890-2024",813,3,2
"1890-2024",814,1,1
"1890-2024",815,107,36
"1890-2024",816,120,48
"1890-2024",825,3,3
"1890-2024",826,3,3
"1890-2024",827,106,41
"1890-2024",828,5,5
"1890-2024",829,2,2
"1890-2024",856,3,3
"1890-2024",857,1,1
"1890-2024",859,1,1
"1890-2024",860,75,39
"1890-2024",861,2,2
"1890-2024",862,17,15
"1890-2024",863,2,2
"1890-2024",864,5,5
"1890-2024",865,1,1
"1890-2024",870,12,7
"1890-2024",871,49,23
"1890-2024",872,29,17
"1890-2024",873,1,1
"1890-2024",882,1,1
"1890-2024",883,67,44
"1890-2024",884,73,44
"1890-2024",885,3,3
"1890-2024",914,2,2
"1890-2024",915,3,2
"1890-2024",917,1,1
"1890-2024",918,3,3
"1890-2024",919,1,1
"1890-2024",920,3,3
"1890-2024",921,6,5
"1890-2024",922,4,4
"1890-2024",926,40,19
"1890-2024",928,6,5
"1890-2024",930,3,2
"1890-2024",935,1,1
"1890-2024",936,1,1
"1890-2024",941,93,72
"1890-2024",966,1,1
"1890-2024",967,2,1
"1890-2024",968,1,1
"1890-2024",973,2,1
"1890-2024",975,1,1
"1890-2024",976,31,18
"1890-2024",977,9,4
"1890-2024",978,2,2
"1890-2024",979,4,4
"1890-2024",982,31,16
"1890-2024",983,5,4
"1890-2024",984,10,8
"1890-2024",985,4,3
"1890-2024",988,1,1
"1890-2024",990,2,1
"1890-2024",991,2,1
"1890-2024",992,2,1
"1890-2024",993,1,1
"1890-2024",995,3,2
"1890-2024",1024,5,4
"1890-2024",1025,1,1
"1890-2024",1033,1,1
"1890-2024",1035,8,7
"1890-2024",1038,12,12
"1890-2024",1039,2,2
"1890-2024",1040,4,2
"1890-2024",1041,1,1
"1890-2024",1042,1,1
"1890-2024",1089,1,1
"1890-2024",1090,4,2
"1890-2024",1092,1,1
"1890-2024",1097,1,1
"1890-2024",1098,6,6
"1890-2024",1104,2,1
"1890-2024",1105,3,2
"1890-2024",1107,44,37
"1890-2024",1139,3,3
"1890-2024",1146,3,2
"1890-2024",1150,1,1
"1890-2024",1151,18,10
"1890-2024",1152,3,2
"1890-2024",1153,2,2
"1890-2024",1154,3,2
"1890-2024",1156,1,1
"1890-2024",1159,2,2
"1890-2024",1160,3,2
"1890-2024",1161,7,6
"1890-2024",1163,16,9
"1890-2024",1202,3,2
"1890-2024",1203,1,1
"1890-2024",1204,73,18
"1890-2024",1205,18,11
"1890-2024",1206,3,2
"1890-2024",1208,23,17
"1890-2024",1209,85,43
"1890-2024",1211,1,1
"1890-2024",1213,1,1
"1890-2024",1214,17,10
"1890-2024",1219,14,12
"1890-2024",1259,8,7
"1890-2024",1260,214,41
"1890-2024",1261,10,7
"1890-2024",1262,188,55
"1890-2024",1263,19,7
"1890-2024",1264,26,17
"1890-2024",1265,47,31
"1890-2024",1267,14,9
"1890-2024",1268,3,2
"1890-2024",1270,7,5
"1890-2024",1273,2,1
"1890-2024",1275,2,2
"1890-2024",1278,1,1
"1890-2024",1316,8,5
"1890-2024",1317,10,7
"1890-2024",1318,10,7
"1890-2024",1319,2,2
"1890-2024",1320,35,20
"1890-2024",1321,149,66
"1890-2024",1322,105,45
"1890-2024",1323,6,4
"1890-2024",1324,3,3
"1890-2024",1325,1,1
"1890-2024",1330,4,2
"1890-2024",1331,34,22
"1890-2024",1333,5,3
"1890-2024",1366,1,1
"1890-2024",1372,2,1
"1890-2024",1373,2,2
"1890-2024",1374,47,28
"1890-2024",1375,169,75
"1890-2024",1376,79,53
"1890-2024",1377,128,53
"1890-2024",1378,277,95
"1890-2024",1379,10,7
"1890-2024",1380,5,5
"1890-2024",1381,2,1
"1890-2024",1382,2,1
"1890-2024",1385,2,1
"1890-2024",1386,16,12
"1890-2024",1387,5,5
"1890-2024",1389,31,16
"1890-2024",1390,2,2
"1890-2024",1391,15,9
"1890-2024",1392,10,9
"1890-2024",1395,2,2
"1890-2024",1428,2,2
"1890-2024",1429,3,3
"1890-2024",1430,8,6
"1890-2024",1431,120,60
"1890-2024",1432,23,18
"1890-2024",1433,78,34
"1890-2024",1434,113,52
"1890-2024",1435,33,20
"1890-2024",1436,5,4
"1890-2024",1437,8,5
"1890-2024",1439,1,1
"1890-2024",1443,4,3
"1890-2024",1444,46,20
"1890-2024",1445,1,1
"1890-2024",1446,2,1
"1890-2024",1448,1,1
"1890-2024",1484,3,2
"1890-2024",1486,6,4
"1890-2024",1488,101,56
"1890-2024",1489,53,27
"1890-2024",1490,78,45
"1890-2024",1491,39,16
"1890-2024",1492,13,11
"1890-2024",1496,2,2
"1890-2024",1499,12,8
"1890-2024",1500,5,4
"1890-2024",1501,5,4
"1890-2024",1502,1,1
"1890-2024",1534,7,5
"1890-2024",1539,3,1
"1890-2024",1542,2,2
"1890-2024",1543,4,3
"1890-2024",1544,39,27
"1890-2024",1545,18,14
"1890-2024",1546,364,112
"1890-2024",1547,329,77
"1890-2024",1548,59,26
"1890-2024",1549,6,4
"1890-2024",1551,2,2
"1890-2024",1556,51,19
"1890-2024",1591,2,2
"1890-2024",1592,11,9
"1890-2024",1593,8,6
"1890-2024",1597,1,1
"1890-2024",1598,2,1
"1890-2024",1599,40,23
"1890-2024",1600,41,22
"1890-2024",1601,166,61
"1890-2024",1602,425,72
"1890-2024",1603,408,98
"1890-2024",1604,44,15
"1890-2024",1605,3,2
"1890-2024",1609,2,1
"1890-2024",1612,35,19
"1890-2024",1613,6,3
"1890-2024",1647,1,1
"1890-2024",1648,3,2
"1890-2024",1649,4,4
"1890-2024",1654,1,1
"1890-2024",1655,3,2
"1890-2024",1656,63,24
"1890-2024",1657,191,57
"1890-2024",1658,110,29
"1890-2024",1659,280,72
"1890-2024",1660,60,32
"1890-2024",1661,1,1
"1890-2024",1662,1,1
"1890-2024",1664,4,2
"1890-2024",1666,4,3
"1890-2024",1667,16,9
"1890-2024",1668,9,5
"1890-2024",1675,17,15
"1890-2024",1676,17,14
"1890-2024",1709,1,1
"1890-2024",1711,9,7
"1890-2024",1712,69,42
"1890-2024",1713,76,43
"1890-2024",1714,41,27
"1890-2024",1715,16,10
"1890-2024",1716,9,6
"1890-2024",1717,1,1
"1890-2024",1718,4,3
"1890-2024",1719,2,1
"1890-2024",1720,233,76
"1890-2024",1721,91,37
"1890-2024",1722,23,8
"1890-2024",1723,1,1
"1890-2024",1728,8,8
"1890-2024",1729,7,5
"1890-2024",1730,1,1
"1890-2024",1731,1,1
"1890-2024",1755,1,1
"1890-2024",1766,1,1
"1890-2024",1767,9,6
"1890-2024",1768,59,31
"1890-2024",1769,213,74
"1890-2024",1770,44,31
"1890-2024",1771,22,11
"1890-2024",1772,8,5
"1890-2024",1773,3,2
"1890-2024",1774,1,1
"1890-2024",1775,130,50
"1890-2024",1776,57,36
"1890-2024",1778,2,2
"1890-2024",1783,130,44
"1890-2024",1784,45,31
"1890-2024",1785,17,10
"1890-2024",1823,1,1
"1890-2024",1825,58,41
"1890-2024",1826,240,129
"1890-2024",1827,144,72
"1890-2024",1828,35,23
"1890-2024",1829,19,9
"1890-2024",1830,26,19
"1890-2024",1831,51,30
"1890-2024",1832,118,47
"1890-2024",1833,1,1
"1890-2024",1836,2,2
"1890-2024",1840,10,7
"1890-2024",1841,16,13
"1890-2024",1873,2,1
"1890-2024",1879,3,2
"1890-2024",1880,3,3
"1890-2024",1881,90,51
"1890-2024",1882,147,76
"1890-2024",1883,154,65
"1890-2024",1884,370,110
"1890-2024",1885,25,19
"1890-2024",1886,35,23
"1890-2024",1887,12,7
"1890-2024",1888,4,2
"1890-2024",1890,2,2
"1890-2024",1891,4,3
"1890-2024",1896,7,7
"1890-2024",1897,8,5
"1890-2024",1898,2,2
"1890-2024",1899,3,3
"1890-2024",1932,1,1
"1890-2024",1934,1,1
"1890-2024",1935,17,11
"1890-2024",1936,136,67
"1890-2024",1937,275,90
"1890-2024",1938,244,84
"1890-2024",1939,49,25
"1890-2024",1940,77,36
"1890-2024",1941,29,21
"1890-2024",1942,2,2
"1890-2024",1943,5,4
"1890-2024",1944,2,1
"1890-2024",1945,5,3
"1890-2024",1949,2,2
"1890-2024",1950,4,3
"1890-2024",1951,5,5
"1890-2024",1952,1,1
"1890-2024",1953,47,33
"1890-2024",1954,35,22
"1890-2024",1955,74,30
"1890-2024",1988,3,3
"1890-2024",1989,1,1
"1890-2024",1990,1,1
"1890-2024",1991,125,48
"1890-2024",1992,91,46
"1890-2024",1993,178,91
"1890-2024",1994,72,39
"1890-2024",1995,50,24
"1890-2024",1996,67,32
"1890-2024",1997,68,39
"1890-2024",1998,13,13
"1890-2024",1999,2,2
"1890-2024",2000,11,5
"1890-2024",2001,3,2
"1890-2024",2002,2,1
"1890-2024",2003,25,18
"1890-2024",2004,15,9
"1890-2024",2005,2,2
"1890-2024",2006,11,8
"1890-2024",2012,1,1
"1890-2024",2040,1,1
"1890-2024",2044,5,4
"1890-2024",2045,1,1
"1890-2024",2046,10,6
"1890-2024",2047,294,88
"1890-2024",2048,848,150
"1890-2024",2049,666,138
"1890-2024",2050,102,58
"1890-2024",2051,202,94
"1890-2024",2052,65,37
"1890-2024",2053,9,8
"1890-2024",2054,3,2
"1890-2024",2055,2,1
"1890-2024",2056,24,15
"1890-2024",2057,1,1
"1890-2024",2059,2,2
"1890-2024",2062,2,1
"1890-2024",2093,1,1
"1890-2024",2102,197,72
"1890-2024",2103,803,160
"1890-2024",2104,502,165
"1890-2024",2105,679,190
"1890-2024",2106,194,103
"1890-2024",2107,146,57
"1890-2024",2108,30,22
"1890-2024",2109,6,5
"1890-2024",2110,2,1
"1890-2024",2111,4,2
"1890-2024",2112,2,2
"1890-2024",2114,4,2
"1890-2024",2115,4,3
"1890-2024",2125,2,1
"1890-2024",2157,2,2
"1890-2024",2158,516,115
"1890-2024",2159,539,119
"1890-2024",2160,302,116
"1890-2024",2161,195,80
"1890-2024",2162,120,61
"1890-2024",2163,33,21
"1890-2024",2164,3,3
"1890-2024",2165,10,8
"1890-2024",2169,1,1
"1890-2024",2178,1,1
"1890-2024",2207,2,2
"1890-2024",2213,1,1
"1890-2024",2214,1,1
"1890-2024",2215,69,39
"1890-2024",2216,258,91
"1890-2024",2217,236,57
"1890-2024",2218,39,24
"1890-2024",2219,10,6
"1890-2024",2220,2,2
"1890-2024",2221,9,7
"1890-2024",2223,2,1
"1890-2024",2224,2,1
"1890-2024",2225,1,1
"1890-2024",2227,1,1
"1890-2024",2229,5,5
"1890-2024",2265,3,2
"1890-2024",2267,1,1
"1890-2024",2271,12,8
"1890-2024",2272,1185,121
"1890-2024",2273,126,34
"1890-2024",2274,444,66
"1890-2024",2275,140,46
"1890-2024",2276,23,14
"1890-2024",2277,1,1
"1890-2024",2278,41,11
"1890-2024",2279,2,1
"1890-2024",2280,1,1
"1890-2024",2293,5,5
"1890-2024",2321,3,3
"1890-2024",2326,2,1
"1890-2024",2327,16,10
"1890-2024",2328,122,52
"1890-2024",2329,38,25
"1890-2024",2330,243,56
"1890-2024",2331,7,7
"1890-2024",2332,4,4
"1890-2024",2333,2,2
"1890-2024",2334,7,6
"1890-2024",2335,2,2
"1890-2024",2336,2,1
"1890-2024",2338,4,2
"1890-2024",2381,9,5
"1890-2024",2382,30,20
"1890-2024",2383,5,4
"1890-2024",2385,1,1
"1890-2024",2386,3,2
"1890-2024",2387,31,20
"1890-2024",2388,3,3
"1890-2024",2389,33,24
"1890-2024",2390,1,1
"1890-2024",2392,12,8
"1890-2024",2393,1,1
"1890-2024",2405,1,1
"1890-2024",2406,1,1
"1890-2024",2407,21,14
"1890-2024",2435,1,1
"1890-2024",2436,312,55
"1890-2024",2437,203,56
"1890-2024",2438,26,10
"1890-2024",2439,36,16
"1890-2024",2440,1,1
"1890-2024",2441,2,2
"1890-2024",2443,4,2
"1890-2024",2444,6,6
"1890-2024",2445,97,45
"1890-2024",2446,9,6
"1890-2024",2448,2,2
"1890-2024",2450,1,1
"1890-2024",2452,1,1
"1890-2024",2461,1,1
"1890-2024",2462,3,3
"1890-2024",2463,17,12
"1890-2024",2486,1,1
"1890-2024",2492,53,27
"1890-2024",2493,3,3
"1890-2024",2494,1,1
"1890-2024",2495,1,1
"1890-2024",2497,9,7
"1890-2024",2498,2,2
"1890-2024",2499,4,2
"1890-2024",2500,3,3
"1890-2024",2501,25,17
"1890-2024",2502,9,7
"1890-2024",2505,1,1
"1890-2024",2506,1,1
"1890-2024",2524,2,2
"1890-2024",2525,4,4
"1890-2024",2548,12,7
"1890-2024",2549,36,29
"1890-2024",2550,5,2
"1890-2024",2551,2,2
"1890-2024",2552,1,1
"1890-2024",2553,1,1
"1890-2024",2555,4,3
"1890-2024",2556,3,3
"1890-2024",2557,1,1
"1890-2024",2560,3,3
"1890-2024",2563,1,1
"1890-2024",2573,1,1
"1890-2024",2581,6,6
"1890-2024",2587,4,4
"1890-2024",2596,1,1
"1890-2024",2604,48,30
"1890-2024",2605,12,8
"1890-2024",2606,2,2
"1890-2024",2607,1,1
"1890-2024",2608,1,1
"1890-2024",2609,7,7
"1890-2024",2612,1,1
"1890-2024",2614,1,1
"1890-2024",2615,1,1
"1890-2024",2619,3,3
"1890-2024",2660,13,9
"1890-2024",2661,1,1
"1890-2024",2664,1,1
"1890-2024",2665,1,1
"1890-2024",2666,1,1
"1890-2024",2669,1,1
"1890-2024",2672,1,1
"1890-2024",2673,1,1
"1890-2024",2694,27,22
"1890-2024",2706,1,1
"1890-2024",2713,2,2
"1890-2024",2715,6,5
"1890-2024",2716,10,10
"1890-2024",2719,1,1
"1890-2024",2721,1,1
"1890-2024",2724,2,1
"1890-2024",2725,2,1
"1890-2024",2731,1,1
"1890-2024",2752,1,1
"1890-2024",2763,1,1
"1890-2024",2771,19,12
"1890-2024",2772,19,18
"1890-2024",2775,2,1
"1890-2024",2778,3,2
"1890-2024",2779,1,1
"1890-2024",2780,2,1
"1890-2024",2781,4,2
"1890-2024",2801,1,1
"1890-2024",2820,61,45
"1890-2024",2821,8,8
"1890-2024",2826,1,1
"1890-2024",2827,84,50
"1890-2024",2828,17,11
"1890-2024",2829,6,3
"1890-2024",2831,4,2
"1890-2024",2857,6,6
"1890-2024",2868,1,1
"1890-2024",2876,1,1
"1890-2024",2878,2,1
"1890-2024",2882,3,2
"1890-2024",2883,59,31
"1890-2024",2888,8,4
"1890-2024",2912,4,4
"1890-2024",2919,2,2
"1890-2024",2920,1,1
"1890-2024",2928,2,1
"1890-2024",2939,10,7
"1890-2024",2944,1,1
"1890-2024",2982,1,1
"1890-2024",2992,2,2
"1890-2024",2994,380,90
"1890-2024",2995,7,4
"1890-2024",2999,2,1
"1890-2024",3002,1,1
"1890-2024",3026,1,1
"1890-2024",3029,1,1
"1890-2024",3031,2,2
"1890-2024",3037,1,1
"1890-2024",3045,1,1
"1890-2024",3046,1,1
"1890-2024",3047,1,1
"1890-2024",3049,2,1
"1890-2024",3050,344,93
"1890-2024",3051,1,1
"1890-2024",3053,1,1
"1890-2024",3055,1,1
"1890-2024",3080,1,1
"1890-2024",3101,18,16
"1890-2024",3103,1,1
"1890-2024",3105,5,5
"1890-2024",3106,52,22
"1890-2024",3108,5,4
"1890-2024",3111,3,2
"1890-2024",3138,1,1
"1890-2024",3140,1,1
"1890-2024",3144,1,1
"1890-2024",3145,1,1
"1890-2024",3151,3,2
"1890-2024",3153,2,2
"1890-2024",3154,2,1
"1890-2024",3157,21,16
"1890-2024",3158,5,3
"1890-2024",3161,17,12
"1890-2024",3162,29,11
"1890-2024",3163,1,1
"1890-2024",3164,3,2
"1890-2024",3165,1,1
"1890-2024",3192,14,14
"1890-2024",3193,19,11
"1890-2024",3198,1,1
"1890-2024",3200,2,2
"1890-2024",3209,1,1
"1890-2024",3210,2,2
"1890-2024",3211,1,1
"1890-2024",3213,14,11
"1890-2024",3214,2,1
"1890-2024",3217,18,9
"1890-2024",3218,41,17
"1890-2024",3219,55,28
"1890-2024",3220,27,12
"1890-2024",3221,2,1
"1890-2024",3248,23,13
"1890-2024",3249,1,1
"1890-2024",3253,1,1
"1890-2024",3255,2,2
"1890-2024",3256,71,35
"1890-2024",3257,1,1
"1890-2024",3258,1,1
"1890-2024",3262,4,3
"1890-2024",3263,7,7
"1890-2024",3268,1,1
"1890-2024",3269,17,11
"1890-2024",3270,2,1
"1890-2024",3273,11,10
"1890-2024",3274,4,2
"1890-2024",3276,48,21
"1890-2024",3277,18,10
"1890-2024",3304,8,6
"1890-2024",3307,3,2
"1890-2024",3309,15,7
"1890-2024",3310,1,1
"1890-2024",3311,7,6
"1890-2024",3312,2,2
"1890-2024",3317,1,1
"1890-2024",3318,8,8
"1890-2024",3319,13,11
"1890-2024",3321,14,8
"1890-2024",3322,1,1
"1890-2024",3323,1,1
"1890-2024",3324,1,1
"1890-2024",3326,6,4
"1890-2024",3329,60,29
"1890-2024",3330,3,3
"1890-2024",3331,1,1
"1890-2024",3333,15,8
"1890-2024",3361,56,26
"1890-2024",3362,20,11
"1890-2024",3363,10,9
"1890-2024",3364,13,7
"1890-2024",3365,2,2
"1890-2024",3367,2,2
"1890-2024",3373,9,6
"1890-2024",3374,11,8
"1890-2024",3375,1,1
"1890-2024",3379,6,3
"1890-2024",3382,1,1
"1890-2024",3384,1,1
"1890-2024",3385,21,13
"1890-2024",3386,10,5
"1890-2024",3387,2,2
"1890-2024",3388,9,6
"1890-2024",3389,13,8
"1890-2024",3417,3,2
"1890-2024",3418,64,42
"1890-2024",3419,20,13
"1890-2024",3421,3,2
"1890-2024",3423,1,1
"1890-2024",3424,5,3
"1890-2024",3425,5,4
"1890-2024",3427,1,1
"1890-2024",3428,8,7
"1890-2024",3429,8,7
"1890-2024",3430,7,6
"1890-2024",3432,11,8
"1890-2024",3434,2,1
"1890-2024",3435,16,7
"1890-2024",3436,1,1
"1890-2024",3437,1,1
"1890-2024",3438,1,1
"1890-2024",3440,1,1
"1890-2024",3441,41,24
"1890-2024",3442,48,15
"1890-2024",3443,37,19
"1890-2024",3444,43,19
"1890-2024",3445,99,34
"1890-2024",3446,2,2
"1890-2024",3475,8,8
"1890-2024",3479,2,1
"1890-2024",3480,1,1
"1890-2024",3484,10,8
"1890-2024",3485,17,9
"1890-2024",3486,1,1
"1890-2024",3487,4,3
"1890-2024",3488,19,13
"1890-2024",3490,14,7
"1890-2024",3491,12,7
"1890-2024",3492,11,9
"1890-2024",3494,3,2
"1890-2024",3497,1,1
"1890-2024",3498,80,38
"1890-2024",3499,60,26
"1890-2024",3500,12,7
"1890-2024",3501,15,9
"1890-2024",3502,10,4
"1890-2024",3531,5,4
"1890-2024",3532,16,14
"1890-2024",3533,9,3
"1890-2024",3535,3,2
"1890-2024",3540,16,14
"1890-2024",3541,15,13
"1890-2024",3542,10,7
"1890-2024",3543,19,12
"1890-2024",3544,3,2
"1890-2024",3546,1,1
"1890-2024",3547,28,13
"1890-2024",3548,6,2
"1890-2024",3550,2,1
"1890-2024",3552,2,1
"1890-2024",3553,3,2
"1890-2024",3554,80,49
"1890-2024",3555,131,55
"1890-2024",3556,33,22
"1890-2024",3557,5,4
"1890-2024",3558,3,2
"1890-2024",3587,5,3
"1890-2024",3588,27,20
"1890-2024",3589,33,19
"1890-2024",3591,2,1
"1890-2024",3592,1,1
"1890-2024",3596,15,11
"1890-2024",3597,89,41
"1890-2024",3598,2,1
"1890-2024",3599,2,2
"1890-2024",3600,3,3
"1890-2024",3602,88,6
"1890-2024",3603,13,11
"1890-2024",3604,89,27
"1890-2024",3605,8,7
"1890-2024",3606,4,3
"1890-2024",3607,3,2
"1890-2024",3609,2,2
"1890-2024",3610,107,70
"1890-2024",3611,15,14
"1890-2024",3612,21,11
"1890-2024",3613,45,24
"1890-2024",3614,6,5
"1890-2024",3644,17,9
"1890-2024",3645,8,5
"1890-2024",3648,8,5
"1890-2024",3649,129,57
"1890-2024",3650,2,2
"1890-2024",3652,25,17
"1890-2024",3653,17,12
"1890-2024",3655,1,1
"1890-2024",3657,1,1
"1890-2024",3658,59,10
"1890-2024",3659,275,27
"1890-2024",3660,49,29
"1890-2024",3662,9,6
"1890-2024",3663,1,1
"1890-2024",3664,2,1
"1890-2024",3666,69,36
"1890-2024",3667,28,13
"1890-2024",3668,3,3
"1890-2024",3669,9,8
"1890-2024",3670,9,5
"1890-2024",3701,7,5
"1890-2024",3702,1,1
"1890-2024",3703,1,1
"1890-2024",3704,13,7
"1890-2024",3705,84,56
"1890-2024",3707,9,8
"1890-2024",3708,37,26
"1890-2024",3713,43,22
"1890-2024",3714,3,3
"1890-2024",3715,130,49
"1890-2024",3716,1,1
"1890-2024",3718,4,3
"1890-2024",3719,2,1
"1890-2024",3721,1,1
"1890-2024",3722,25,14
"1890-2024",3723,35,12
"1890-2024",3724,57,20
"1890-2024",3725,18,8
"1890-2024",3727,1,1
"1890-2024",3757,22,12
"1890-2024",3758,35,18
"1890-2024",3759,33,15
"1890-2024",3760,7,5
"1890-2024",3761,133,53
"1890-2024",3762,2,1
"1890-2024",3763,50,28
"1890-2024",3764,2,1
"1890-2024",3765,3,2
"1890-2024",3767,1,1
"1890-2024",3768,1,1
"1890-2024",3769,29,16
"1890-2024",3773,1,1
"1890-2024",3774,1,1
"1890-2024",3775,2,2
"1890-2024",3778,18,8
"1890-2024",3780,94,29
"1890-2024",3814,9,8
"1890-2024",3815,67,35
"1890-2024",3816,129,42
"1890-2024",3817,8,3
"1890-2024",3818,3,2
"1890-2024",3824,3,2
"1890-2024",3825,1,1
"1890-2024",3827,2,2
"1890-2024",3828,3,3
"1890-2024",3829,1,1
"1890-2024",3831,8,6
"1890-2024",3832,44,26
"1890-2024",3834,3,2
"1890-2024",3835,7,4
"1890-2024",3836,33,18
"1890-2024",3869,3,3
"1890-2024",3870,39,32
"1890-2024",3871,41,25
"1890-2024",3872,43,25
"1890-2024",3874,136,42
"1890-2024",3879,2,2
"1890-2024",3880,76,26
"1890-2024",3881,12,8
"1890-2024",3882,10,6
"1890-2024",3883,11,7
"1890-2024",3884,18,10
"1890-2024",3885,36,24
"1890-2024",3886,2,1
"1890-2024",3889,4,3
"1890-2024",3890,3,2
"1890-2024",3891,4,2
"1890-2024",3892,150,44
"1890-2024",3893,182,48
"1890-2024",3925,36,23
"1890-2024",3926,98,64
"1890-2024",3927,161,79
"1890-2024",3928,2,1
"1890-2024",3929,565,71
"1890-2024",3930,1333,104
"1890-2024",3931,257,71
"1890-2024",3932,13,10
"1890-2024",3935,3,1
"1890-2024",3936,117,25
"1890-2024",3937,59,25
"1890-2024",3938,9,5
"1890-2024",3939,18,6
"1890-2024",3940,15,14
"1890-2024",3941,22,18
"1890-2024",3946,15,12
"1890-2024",3947,6,4
"1890-2024",3948,1855,145
"1890-2024",3949,111,46
"1890-2024",3950,16,16
"1890-2024",3980,6,6
"1890-2024",3981,32,21
"1890-2024",3982,83,41
"1890-2024",3983,113,60
"1890-2024",3984,53,28
"1890-2024",3985,522,84
"1890-2024",3986,975,90
"1890-2024",3987,314,76
"1890-2024",3988,51,25
"1890-2024",3989,1,1
"1890-2024",3990,1,1
"1890-2024",3992,3,3
"1890-2024",3993,475,115
"1890-2024",3994,360,69
"1890-2024",3995,38,18
"1890-2024",3996,170,69
"1890-2024",3997,1,1
"1890-2024",3998,3,2
"1890-2024",3999,2,2
"1890-2024",4001,36,16
"1890-2024",4002,3,3
"1890-2024",4003,47,22
"1890-2024",4004,3823,175
"1890-2024",4005,1408,160
"1890-2024",4006,57,30
"1890-2024",4035,3,3
"1890-2024",4036,26,19
"1890-2024",4037,33,19
"1890-2024",4038,88,48
"1890-2024",4039,56,18
"1890-2024",4040,1040,102
"1890-2024",4042,2,1
"1890-2024",4043,6,3
"1890-2024",4046,18,8
"1890-2024",4047,12,8
"1890-2024",4048,47,22
"1890-2024",4049,105,45
"1890-2024",4050,797,138
"1890-2024",4051,338,119
"1890-2024",4052,70,34
"1890-2024",4053,9,6
"1890-2024",4054,3,3
"1890-2024",4055,4,4
"1890-2024",4056,15,11
"1890-2024",4057,37,28
"1890-2024",4058,87,29
"1890-2024",4059,73,32
"1890-2024",4060,73,34
"1890-2024",4061,34,21
"1890-2024",4062,31,19
"1890-2024",4099,10,7
"1890-2024",4101,18,13
"1890-2024",4102,59,27
"1890-2024",4103,89,26
"1890-2024",4104,22,12
"1890-2024",4105,48,26
"1890-2024",4106,193,63
"1890-2024",4107,969,192
"1890-2024",4108,328,90
"1890-2024",4109,10,9
"1890-2024",4110,97,42
"1890-2024",4111,429,118
"1890-2024",4112,197,83
"1890-2024",4113,136,47
"1890-2024",4114,174,56
"1890-2024",4115,5,3
"1890-2024",4116,2,2
"1890-2024",4117,435,89
"1890-2024",4118,359,84
"1890-2024",4151,1,1
"1890-2024",4153,2,2
"1890-2024",4154,39,33
"1890-2024",4155,1,1
"1890-2024",4156,76,44
"1890-2024",4157,99,50
"1890-2024",4158,19,11
"1890-2024",4159,14,10
"1890-2024",4160,38,21
"1890-2024",4161,72,36
"1890-2024",4162,247,44
"1890-2024",4163,100,43
"1890-2024",4164,1,1
"1890-2024",4165,1,1
"1890-2024",4166,864,140
"1890-2024",4167,241,117
"1890-2024",4168,372,129
"1890-2024",4169,159,45
"1890-2024",4170,31,19
"1890-2024",4171,3,2
"1890-2024",4172,6,4
"1890-2024",4173,87,38
"1890-2024",4174,91,26
"1890-2024",4210,46,31
"1890-2024",4213,207,89
"1890-2024",4214,59,34
"1890-2024",4215,25,17
"1890-2024",4216,11,7
"1890-2024",4218,2,1
"1890-2024",4219,29,19
"1890-2024",4221,2,2
"1890-2024",4222,2,1
"1890-2024",4223,220,100
"1890-2024",4224,530,133
"1890-2024",4225,231,100
"1890-2024",4226,246,74
"1890-2024",4227,16,12
"1890-2024",4228,1,1
"1890-2024",4229,22,11
"1890-2024",4266,2,2
"1890-2024",4268,27,16
"1890-2024",4269,78,46
"1890-2024",4270,52,30
"1890-2024",4271,97,57
"1890-2024",4274,18,15
"1890-2024",4275,366,81
"1890-2024",4279,12,11
"1890-2024",4280,75,52
"1890-2024",4281,84,45
"1890-2024",4282,176,50
"1890-2024",4324,430,124
"1890-2024",4325,124,66
"1890-2024",4326,128,60
"1890-2024",4327,13,8
"1890-2024",4328,13,7
"1890-2024",4329,121,50
"1890-2024",4330,53,33
"1890-2024",4333,31,19
"1890-2024",4334,1,1
"1890-2024",4335,3,2
"1890-2024",4336,815,115
"1890-2024",4337,415,124
"1890-2024",4338,323,134
"1890-2024",4339,12,11
"1890-2024",4380,7,7
"1890-2024",4381,350,106
"1890-2024",4382,518,95
"1890-2024",4384,5,3
"1890-2024",4385,4,3
"1890-2024",4386,2,2
"1890-2024",4387,6,3
"1890-2024",4390,2,2
"1890-2024",4391,1,1
"1890-2024",4392,4163,198
"1890-2024",4393,955,115
"1890-2024",4441,4,3
